Viêm, 0912345678, HCM, viem@gmail.com, facebook.com/viem
Trần, 0912345679, HCM, tran@gmail.com, facebook.com/tran
Lê, 0912345680, HCM, le@gmail.com, facebook.com/le
Phan, 0912345681, HCM, phan@gmail.com, facebook.com/phan
Vũ, 0912345682, HCM, vu@gmail.com, facebook.com/vu
Ngô, 0912345683, HCM, ngo@gmail.com, facebook.com/ngo
Hoàng, 0912345684, HCM, hoang@gmail.com, facebook.com/hoang
Mai, 0912345685, HCM, mai@gmail.com, facebook.com/mai
Dương, 0912345686, HCM, duong@gmail.com, facebook.com/duong
Viêm, 0912345678, HCM, viem@gmail.com, facebook.com/viem
Trần, 0912345679, HCM, tran@gmail.com, facebook.com/tran
Lê, 0912345680, HCM, le@gmail.com, facebook.com/le
Phan, 0912345681, HCM, phan@gmail.com, facebook.com/phan
Vũ, 0912345682, HCM, vu@gmail.com, facebook.com/vu
Ngô, 0912345683, HCM, ngo@gmail.com, facebook.com/ngo
Hoàng, 0912345684, HCM, hoang@gmail.com, facebook.com/hoang
Mai, 0912345685, HCM, mai@gmail.com, facebook.com/mai
Dương, 0912345686, HCM, duong@gmail.com, facebook.com/duong
Lý, 0912345687, HCM, ly@gmail.com, facebook.com/ly
